loteria,fecha,numero,serie
medellin,29/04/2011,3714,73
medellin,6/05/2011,841,132
medellin,13/05/2011,9916,48
medellin,20/05/2011,2416,130
medellin,27/05/2011,2081,103
medellin,3/06/2011,9236,226
medellin,10/06/2011,2155,139
medellin,18/06/2011,8646,83
medellin,24/06/2011,1515,136
medellin,1/07/2011,874,139
medellin,8/07/2011,4784,108
medellin,15/07/2011,3642,26
medellin,22/07/2011,1165,96
medellin,29/07/2011,3272,216
medellin,5/08/2011,620,31
medellin,12/08/2011,9132,57
medellin,19/08/2011,7307,109
medellin,26/08/2011,5101,139
medellin,2/09/2011,3914,193
medellin,9/09/2011,9871,28
medellin,16/09/2011,7785,142
medellin,23/09/2011,4014,221
medellin,30/09/2011,8268,181
medellin,7/10/2011,5896,210
medellin,14/10/2011,1302,127
medellin,21/10/2011,6601,113
medellin,28/10/2011,8391,196
medellin,4/11/2011,4779,31
medellin,11/11/2011,6645,184
medellin,18/11/2011,9120,174
medellin,25/11/2011,8207,146
medellin,2/12/2011,7953,236
medellin,9/12/2011,7285,179
medellin,16/12/2011,6368,223
medellin,23/12/2011,5300,185
medellin,6/01/2012,2565,151
medellin,23/03/2012,3424,152
medellin,30/03/2012,2271,46
medellin,7/04/2012,6566,20
medellin,13/04/2012,4286,218
medellin,20/04/2012,860,120
medellin,27/04/2012,7298,186
medellin,4/05/2012,9043,235
medellin,11/05/2012,6866,97
medellin,18/05/2012,7251,233
medellin,25/05/2012,539,125
medellin,1/06/2012,4647,5
medellin,8/06/2012,1334,166
medellin,15/06/2012,3582,247
medellin,22/06/2012,998,240
medellin,29/06/2012,5496,114
medellin,6/07/2012,7307,160
medellin,13/07/2012,944,43
medellin,21/07/2012,5266,21
medellin,27/07/2012,3992,90
medellin,3/08/2012,4238,175
medellin,10/08/2012,1207,246
medellin,17/08/2012,9900,74
medellin,24/08/2012,9259,218
medellin,31/08/2012,9945,23
medellin,7/09/2012,8973,87
medellin,14/09/2012,9129,171
medellin,21/09/2012,6041,80
medellin,28/09/2012,7322,53
medellin,5/10/2012,7179,133
medellin,12/10/2012,515,127
medellin,19/10/2012,6757,249
medellin,26/10/2012,2350,83
medellin,2/11/2012,6991,248
medellin,9/11/2012,1897,137
medellin,16/11/2012,5804,107
medellin,23/11/2012,5032,114
medellin,30/11/2012,609,161
medellin,7/12/2012,5691,69
medellin,14/12/2012,342,200
medellin,21/12/2012,3524,222
medellin,28/12/2012,8200,219
medellin,4/01/2013,1648,20
medellin,11/01/2013,2586,123
medellin,18/01/2013,863,42
medellin,25/01/2013,3464,125
medellin,1/02/2013,9136,50
medellin,8/02/2013,5563,187
medellin,15/02/2013,6282,110
medellin,22/02/2013,3378,147
medellin,1/03/2013,4468,164
medellin,8/03/2013,272,113
medellin,15/03/2013,2570,61
medellin,22/03/2013,2770,87
medellin,30/03/2013,1421,112
medellin,5/04/2013,5662,271
medellin,12/04/2013,3651,168
medellin,19/04/2013,4361,218
medellin,26/04/2013,9858,246
medellin,3/05/2013,5861,101
medellin,10/05/2013,5711,110
medellin,17/05/2013,2303,258
medellin,24/05/2013,1977,13
medellin,31/05/2013,5320,76
medellin,7/06/2013,826,82
medellin,14/06/2013,7585,53
medellin,21/06/2013,1708,194
medellin,28/06/2013,7655,141
medellin,5/07/2013,9260,191
medellin,12/07/2013,4934,169
medellin,19/07/2013,5618,141
medellin,26/07/2013,621,217
medellin,2/08/2013,7706,157
medellin,9/08/2013,9227,77
medellin,16/08/2013,7987,101
medellin,23/08/2013,2607,17
medellin,30/08/2013,8349,215
medellin,6/09/2013,6550,262
medellin,13/09/2013,2713,193
medellin,20/09/2013,8490,218
medellin,27/09/2013,2816,15
medellin,4/10/2013,6963,23
medellin,11/10/2013,5249,23
medellin,18/10/2013,7519,9
medellin,25/10/2013,455,183
medellin,1/11/2013,4637,157
medellin,8/11/2013,5678,22
medellin,15/11/2013,3298,33
medellin,22/11/2013,5988,194
medellin,29/11/2013,4088,27
medellin,6/12/2013,4100,173
medellin,13/12/2013,5862,54
medellin,20/12/2013,9529,53
medellin,27/12/2013,1995,212
medellin,3/01/2014,7940,23
medellin,10/01/2014,5132,234
medellin,17/01/2014,1713,86
medellin,24/01/2014,6455,80
medellin,31/01/2014,5582,173
medellin,7/02/2014,949,135
medellin,14/02/2014,1150,116
medellin,21/02/2014,1249,166
medellin,28/02/2014,9154,240
medellin,7/03/2014,1584,255
medellin,14/03/2014,2806,7
medellin,21/03/2014,9847,271
medellin,28/03/2014,8064,100
medellin,4/04/2014,965,257
medellin,11/04/2014,1270,67
medellin,19/04/2014,1548,137
medellin,25/04/2014,3665,109
medellin,2/05/2014,9059,143
medellin,9/05/2014,7916,127
medellin,16/05/2014,6843,116
medellin,23/05/2014,2498,151
medellin,30/05/2014,8758,9
medellin,6/06/2014,7364,121
medellin,13/06/2014,7823,236
medellin,20/06/2014,4845,162
medellin,27/06/2014,9400,248
medellin,4/07/2014,7537,147
medellin,11/07/2014,8954,34
medellin,18/07/2014,3627,149
medellin,25/07/2014,7721,271
medellin,1/08/2014,8986,115
medellin,8/08/2014,6388,255
medellin,15/08/2014,9716,240
medellin,22/08/2014,5507,166
medellin,29/08/2014,5545,209
medellin,5/09/2014,8350,163
medellin,12/09/2014,1884,186
medellin,19/09/2014,7707,29
medellin,26/09/2014,3607,232
medellin,3/10/2014,8502,127
medellin,10/10/2014,4374,225
medellin,17/10/2014,5102,180
medellin,24/10/2014,7959,182
medellin,31/10/2014,5393,240
medellin,7/11/2014,2398,208
medellin,14/11/2014,1569,153
medellin,21/11/2014,9816,292
medellin,28/11/2014,2004,119
medellin,5/12/2014,4125,62
medellin,12/12/2014,3544,6
medellin,19/12/2014,9835,228
medellin,26/12/2014,7603,63
medellin,2/01/2015,782,59
medellin,9/01/2015,3780,263
medellin,16/01/2015,7608,133
medellin,23/01/2015,1049,117
medellin,30/01/2015,5554,47
medellin,6/02/2015,7643,8
medellin,13/02/2015,9808,5
medellin,20/02/2015,9880,218
medellin,27/02/2015,8104,18
medellin,6/03/2015,695,136
medellin,13/03/2015,193,232
medellin,20/03/2015,1721,235
medellin,27/03/2015,1436,269
medellin,4/04/2015,6935,56
medellin,10/04/2015,3133,140
medellin,17/04/2015,265,11
medellin,24/04/2015,8363,157
medellin,30/04/2015,1672,185
medellin,8/05/2015,8058,68
medellin,15/05/2015,7928,69
medellin,22/05/2015,9390,73
medellin,29/05/2015,1406,221
medellin,5/06/2015,700,120
medellin,12/06/2015,7744,282
medellin,19/06/2015,9586,287
medellin,26/06/2015,2708,176
medellin,3/07/2015,1929,51
medellin,10/07/2015,3559,183
medellin,17/07/2015,2611,222
medellin,24/07/2015,9002,290
medellin,31/07/2015,575,32
medellin,8/08/2015,6999,11
medellin,14/08/2015,4697,24
medellin,21/08/2015,6333,63
medellin,28/08/2015,8409,13
medellin,4/09/2015,6490,123
medellin,11/09/2015,2702,104
medellin,18/09/2015,1172,239
medellin,25/09/2015,2287,74
medellin,2/10/2015,9629,38
medellin,9/10/2015,8448,23
medellin,16/10/2015,1859,73
medellin,23/10/2015,2530,91
medellin,30/10/2015,4472,16
medellin,6/11/2015,7630,90
medellin,13/11/2015,8521,243
medellin,20/11/2015,2431,272
medellin,27/11/2015,4637,2
medellin,4/12/2015,2988,128
medellin,11/12/2015,1815,249
medellin,24/12/2015,7165,264
medellin,31/12/2015,1056,195
medellin,8/01/2016,9594,220
medellin,15/01/2016,3670,34
medellin,22/01/2016,133,293
medellin,29/01/2016,4338,85
medellin,5/02/2016,685,224
medellin,12/02/2016,4519,270
medellin,19/02/2016,1116,51
medellin,26/02/2016,7728,284
medellin,4/03/2016,2882,84
medellin,11/03/2016,6630,169
medellin,18/03/2016,6386,121
medellin,26/03/2016,2039,234
medellin,1/04/2016,7219,0
medellin,8/04/2016,181,237
medellin,15/04/2016,3596,160
medellin,22/04/2016,1181,292
medellin,29/04/2016,9183,265
medellin,6/05/2016,268,253
medellin,13/05/2016,2187,175
medellin,20/05/2016,5450,102
medellin,27/05/2016,5226,194
medellin,3/06/2016,5816,11
medellin,10/06/2016,3423,296
medellin,17/06/2016,2696,207
medellin,24/06/2016,575,99
medellin,1/07/2016,9896,159
medellin,8/07/2016,5823,185
medellin,15/07/2016,7131,255
medellin,22/07/2016,9550,144
medellin,29/07/2016,1176,123
medellin,5/08/2016,1228,86
medellin,12/08/2016,1335,19
medellin,19/08/2016,8100,83
medellin,26/08/2016,1897,49
medellin,2/09/2016,1449,37
medellin,9/09/2016,4554,207
medellin,16/09/2016,7594,146
medellin,23/09/2016,624,298
medellin,30/09/2016,8712,286
medellin,7/10/2016,8272,194
medellin,14/10/2016,6355,167
medellin,21/10/2016,6087,59
medellin,28/10/2016,1395,44
medellin,4/11/2016,4584,214
medellin,11/11/2016,6888,104
medellin,18/11/2016,2331,269
medellin,25/11/2016,981,250
medellin,2/12/2016,4006,293
medellin,9/12/2016,4944,51
medellin,16/12/2016,5241,175
medellin,30/12/2016,417,135
medellin,6/01/2017,4240,69
medellin,13/01/2017,4612,63
medellin,20/01/2017,6620,118
medellin,27/01/2017,5682,152
medellin,3/02/2017,6163,88
medellin,10/02/2017,8192,158
medellin,17/02/2017,5589,6
medellin,24/02/2017,8178,4
medellin,3/03/2017,7292,182
medellin,10/03/2017,9908,53
medellin,17/03/2017,6935,208
medellin,24/03/2017,9746,292
medellin,31/03/2017,2406,292
medellin,7/04/2017,4956,102
medellin,15/04/2017,7074,196
medellin,21/04/2017,8286,9
medellin,28/04/2017,9162,298
medellin,5/05/2017,4405,216
medellin,12/05/2017,3842,181
medellin,19/05/2017,9323,159
medellin,26/05/2017,9063,254
medellin,2/06/2017,7196,274
medellin,9/06/2017,2804,113
medellin,16/06/2017,7932,228
medellin,23/06/2017,2816,174
medellin,30/06/2017,2880,63
medellin,7/07/2017,9294,77
medellin,14/07/2017,8499,180
medellin,21/07/2017,5681,313
medellin,28/07/2017,3683,191
medellin,4/08/2017,5501,135
medellin,11/08/2017,4674,44
medellin,18/08/2017,3786,132
medellin,25/08/2017,3939,41
medellin,1/09/2017,6712,4
medellin,8/09/2017,5918,14
medellin,15/09/2017,8238,191
medellin,22/09/2017,6422,211
medellin,29/09/2017,7942,301
medellin,6/10/2017,9946,52
medellin,13/10/2017,1731,213
medellin,20/10/2017,839,272
medellin,27/10/2017,6780,53
medellin,3/11/2017,2416,38
medellin,10/11/2017,4823,231
medellin,17/11/2017,8676,58
medellin,24/11/2017,6834,271
medellin,1/12/2017,7429,329
medellin,9/12/2017,9389,176
medellin,15/12/2017,6334,35
medellin,22/12/2017,269,275
medellin,29/12/2017,7661,94
medellin,5/01/2018,587,177
medellin,12/01/2018,6511,2
medellin,19/01/2018,9627,266
medellin,26/01/2018,9248,119
medellin,2/02/2018,4444,130
medellin,9/02/2018,7958,124
medellin,16/02/2018,7954,106
medellin,23/02/2018,9791,54
medellin,2/03/2018,4809,121
medellin,9/03/2018,1295,249
medellin,16/03/2018,2531,308
medellin,23/03/2018,1780,32
medellin,31/03/2018,4786,47
medellin,6/04/2018,6631,186
medellin,13/04/2018,8642,268
medellin,20/04/2018,4272,208
medellin,27/04/2018,2647,228
medellin,4/05/2018,5801,210
medellin,11/05/2018,7976,334
medellin,18/05/2018,5653,157
medellin,25/05/2018,8975,130
medellin,1/06/2018,7129,51
medellin,8/06/2018,7462,70
medellin,15/06/2018,5444,179
medellin,22/06/2018,6706,147
medellin,29/06/2018,1786,205
medellin,6/07/2018,5943,263
medellin,13/07/2018,6024,248
medellin,21/07/2018,1540,145
medellin,27/07/2018,250,163
medellin,3/08/2018,821,336
medellin,10/08/2018,5105,335
medellin,17/08/2018,7525,163
medellin,24/08/2018,9285,212
medellin,31/08/2018,8808,152
medellin,7/09/2018,4410,210
medellin,14/09/2018,7321,100
medellin,21/09/2018,4430,154
medellin,28/09/2018,8012,214
medellin,5/10/2018,4592,257
medellin,12/10/2018,8273,53
medellin,19/10/2018,5840,242
medellin,26/10/2018,4201,295
medellin,2/11/2018,9975,139
medellin,9/11/2018,5471,71
medellin,16/11/2018,3091,81
medellin,23/11/2018,2451,164
medellin,30/11/2018,7678,21
medellin,7/12/2018,2719,19
medellin,14/12/2018,6285,73
medellin,21/12/2018,1515,261
medellin,28/12/2018,7621,49
medellin,4/01/2019,8251,147
medellin,11/01/2019,1500,330
medellin,18/01/2019,7765,12
medellin,25/01/2019,6922,87
medellin,1/02/2019,4461,98
medellin,8/02/2019,5151,135
medellin,15/02/2019,1803,274
medellin,22/02/2019,922,304
medellin,1/03/2019,9502,29
medellin,8/03/2019,9144,14
medellin,15/03/2019,3056,220
medellin,22/03/2019,5514,308
medellin,29/03/2019,4602,311
medellin,5/04/2019,1460,169
medellin,12/04/2019,9675,274
medellin,20/04/2019,1931,20
medellin,26/04/2019,6756,214
medellin,3/05/2019,1453,61
medellin,10/05/2019,6595,3
medellin,17/05/2019,3590,222
medellin,24/05/2019,3218,59
medellin,31/05/2019,9258,106
medellin,7/06/2019,7852,238
medellin,14/06/2019,4726,35
medellin,21/06/2019,8207,2
medellin,28/06/2019,77,13
medellin,5/07/2019,1938,257
medellin,12/07/2019,4916,132
medellin,19/07/2019,8047,222
medellin,26/07/2019,5458,304
medellin,2/08/2019,5240,276
medellin,9/08/2019,5279,214
medellin,16/08/2019,6945,161
medellin,23/08/2019,8456,91
medellin,30/08/2019,2098,308
medellin,6/09/2019,9990,152
medellin,13/09/2019,5249,91
medellin,20/09/2019,2717,218
medellin,27/09/2019,2507,126
medellin,4/10/2019,9129,320
medellin,11/10/2019,5797,120
medellin,18/10/2019,6787,139
medellin,25/10/2019,8509,124
medellin,1/11/2019,9061,308
medellin,8/11/2019,7667,201
medellin,15/11/2019,6283,16
medellin,22/11/2019,7852,160
medellin,29/11/2019,2222,118
medellin,6/12/2019,7060,304
medellin,13/12/2019,5479,228
medellin,20/12/2019,8899,200
medellin,27/12/2019,3097,326
medellin,3/01/2020,7384,184
medellin,10/01/2020,6377,141
medellin,17/01/2020,3311,191
medellin,24/01/2020,9171,253
medellin,31/01/2020,8876,9
medellin,7/02/2020,2582,42
medellin,14/02/2020,9019,334
medellin,21/02/2020,1972,277
medellin,28/02/2020,6798,266
medellin,6/03/2020,7636,221
medellin,13/03/2020,4702,318
medellin,20/03/2020,9358,47
medellin,15/05/2020,211,8
medellin,22/05/2020,9383,174
medellin,29/05/2020,5044,119
medellin,5/06/2020,1560,30
medellin,12/06/2020,2312,126
medellin,19/06/2020,6537,54
medellin,26/06/2020,8039,166
medellin,3/07/2020,7767,124
medellin,10/07/2020,7424,164
medellin,17/07/2020,9879,69
medellin,24/07/2020,3363,299
medellin,31/07/2020,4901,238
medellin,8/08/2020,8984,66
medellin,14/08/2020,6143,20
medellin,21/08/2020,828,174
medellin,28/08/2020,2613,12
medellin,4/09/2020,8508,211
medellin,11/09/2020,9315,134
medellin,18/09/2020,7498,32
medellin,25/09/2020,9055,46
medellin,2/10/2020,9606,169
medellin,9/10/2020,4439,35
medellin,16/10/2020,3045,120
medellin,23/10/2020,7309,3
medellin,30/10/2020,2836,328
medellin,6/11/2020,4387,184
medellin,13/11/2020,3283,146
medellin,20/11/2020,1495,53
medellin,27/11/2020,6132,236
medellin,4/12/2020,6399,245
medellin,11/12/2020,549,312
medellin,18/12/2020,2429,269
medellin,24/12/2020,1670,299
medellin,2/01/2021,5455,132
medellin,8/01/2021,6589,227
medellin,15/01/2021,7022,226
medellin,22/01/2021,6059,204
medellin,29/01/2021,374,40
medellin,5/02/2021,539,320
medellin,12/02/2021,7403,231
medellin,19/02/2021,4468,8
medellin,26/02/2021,6401,72
medellin,5/03/2021,7109,118
medellin,12/03/2021,7675,58
medellin,19/03/2021,3079,223
medellin,26/03/2021,7707,166
medellin,3/04/2021,5614,155
medellin,9/04/2021,3257,153
medellin,16/04/2021,3169,123
medellin,23/04/2021,8781,53
medellin,30/04/2021,1230,114
medellin,7/05/2021,4807,273
medellin,14/05/2021,9549,255
medellin,21/05/2021,3191,30
medellin,28/05/2021,5741,264
medellin,4/06/2021,2570,303
medellin,11/06/2021,8743,296
medellin,18/06/2021,6418,225
medellin,25/06/2021,2520,21
medellin,2/07/2021,1014,351
medellin,9/07/2021,3356,337
medellin,16/07/2021,1319,149
medellin,23/07/2021,7403,354
medellin,30/07/2021,7516,113
medellin,6/08/2021,5126,196
medellin,13/08/2021,2517,120
medellin,20/08/2021,861,183
medellin,27/08/2021,2762,237
medellin,3/09/2021,8755,169
medellin,10/09/2021,1447,168
medellin,17/09/2021,9336,295
medellin,24/09/2021,3653,301
medellin,1/10/2021,3535,217
medellin,8/10/2021,465,226
medellin,15/10/2021,3302,197
medellin,22/10/2021,8228,275
medellin,29/10/2021,4579,315
medellin,5/11/2021,8168,208
medellin,12/11/2021,7611,46
medellin,19/11/2021,7808,90
medellin,26/11/2021,4611,325
medellin,3/12/2021,9978,76
medellin,10/12/2021,8621,290
medellin,17/12/2021,7850,142
medellin,24/12/2021,9832,71
medellin,31/12/2021,4362,349
medellin,7/01/2022,3206,36
medellin,14/01/2022,9747,48
medellin,21/01/2022,7845,280
medellin,28/01/2022,2624,207
medellin,4/02/2022,1341,338
medellin,11/02/2022,5742,78
medellin,18/02/2022,6085,170
medellin,25/02/2022,3306,292
medellin,4/03/2022,1082,122
medellin,11/03/2022,3708,121
medellin,18/03/2022,1677,147
medellin,25/03/2022,3112,223
medellin,1/04/2022,3181,231
medellin,8/04/2022,3729,151
medellin,16/04/2022,1096,175
medellin,22/04/2022,2898,196
medellin,29/04/2022,4915,192
medellin,6/05/2022,1306,367
medellin,13/05/2022,626,86
medellin,20/05/2022,1427,329
medellin,27/05/2022,3373,17
medellin,3/06/2022,5937,315
medellin,10/06/2022,6451,71
medellin,17/06/2022,4007,189
medellin,24/06/2022,5631,247
medellin,1/07/2022,6320,346
medellin,8/07/2022,7671,344
medellin,15/07/2022,4044,36
medellin,22/07/2022,8942,259
medellin,29/07/2022,667,101
medellin,5/08/2022,3562,148
medellin,12/08/2022,858,232
medellin,19/08/2022,1194,216
medellin,26/08/2022,7167,297
medellin,2/09/2022,627,68
medellin,9/09/2022,4116,252
medellin,16/09/2022,6083,47
medellin,9/02/2024 0:00,2079,129
medellin,2/02/2024 0:00,9533,81
medellin,26/01/2024 0:00,9490,422
medellin,19/01/2024 0:00,6543,74
medellin,12/01/2024 0:00,4180,319
medellin,5/01/2024 0:00,2864,160
medellin,29/12/2023 0:00,9867,425
medellin,22/12/2023 0:00,8645,483
medellin,15/12/2023 0:00,7630,5
medellin,7/12/2023 0:00,1597,120
medellin,1/12/2023 0:00,2518,11
medellin,24/11/2023 0:00,5938,227
medellin,17/11/2023 0:00,9234,464
medellin,10/11/2023 0:00,247,210
medellin,3/11/2023 0:00,2410,271
medellin,27/10/2023 0:00,1090,111
medellin,20/10/2023 0:00,204,74
medellin,13/10/2023 0:00,6313,235
medellin,6/10/2023 0:00,8058,311
medellin,29/09/2023 0:00,1767,134
medellin,22/09/2023 0:00,1666,496
medellin,15/09/2023 0:00,1480,67
medellin,8/09/2023 0:00,1876,280
medellin,1/09/2023 0:00,8716,346
medellin,25/08/2023 0:00,2780,453
medellin,18/08/2023 0:00,3267,342
medellin,11/08/2023 0:00,5328,363
medellin,4/08/2023 0:00,3728,276
medellin,28/07/2023 0:00,2013,180
medellin,21/07/2023 0:00,6539,336
medellin,14/07/2023 0:00,3803,65
medellin,7/07/2023 0:00,7318,340
medellin,30/06/2023 0:00,1279,158
medellin,23/06/2023 0:00,5987,104
medellin,16/06/2023 0:00,9557,332
medellin,9/06/2023 0:00,1258,294
medellin,2/06/2023 0:00,7768,39
medellin,26/05/2023 0:00,8060,158
medellin,19/05/2023 0:00,1952,241
medellin,12/05/2023 0:00,2701,202
medellin,5/05/2023 0:00,4798,127
medellin,28/04/2023 0:00,8945,168
medellin,21/04/2023 0:00,4512,218
medellin,14/04/2023 0:00,4773,27
medellin,8/04/2023 0:00,5724,111
medellin,31/03/2023 0:00,8984,311
medellin,24/03/2023 0:00,2228,282
medellin,17/03/2023 0:00,7899,34
medellin,10/03/2023 0:00,9162,182
medellin,3/03/2023 0:00,4732,328
medellin,24/02/2023 0:00,1055,87
medellin,17/02/2023 0:00,3559,42
medellin,10/02/2023 0:00,8424,32
medellin,3/02/2023 0:00,2469,49
medellin,27/01/2023 0:00,3935,214
medellin,20/01/2023 0:00,8945,145
medellin,13/01/2023 0:00,7698,123
medellin,6/01/2023 0:00,1311,339
medellin,30/12/2022 0:00,7134,63
medellin,23/12/2022 0:00,5174,2
medellin,16/12/2022 0:00,8603,72
medellin,9/12/2022 0:00,3975,75
medellin,2/12/2022 0:00,7001,199
medellin,25/11/2022 0:00,9718,354
medellin,18/11/2022 0:00,3950,94
medellin,11/11/2022 0:00,8271,55
medellin,4/11/2022 0:00,4550,4
medellin,28/10/2022 0:00,8388,105
medellin,21/10/2022 0:00,5030,104
medellin,14/10/2022 0:00,2604,271
medellin,7/10/2022 0:00,4974,164
medellin,30/09/2022 0:00,1064,214
medellin,23/09/2022 0:00,1737,115
medellin,16/09/2022 0:00,6083,47
medellin,9/09/2022 0:00,4116,252
medellin,2/09/2022 0:00,627,68
medellin,26/08/2022 0:00,7167,297
medellin,19/08/2022 0:00,1194,216
medellin,12/08/2022 0:00,858,232
medellin,5/08/2022 0:00,3562,148
medellin,29/07/2022 0:00,667,101
medellin,22/07/2022 0:00,8942,259
medellin,15/07/2022 0:00,4044,36
medellin,8/07/2022 0:00,7671,344
medellin,1/07/2022 0:00,6320,346
medellin,24/06/2022 0:00,5631,247
medellin,17/06/2022 0:00,4007,189
medellin,10/06/2022 0:00,6451,71
medellin,3/06/2022 0:00,5937,315
medellin,27/05/2022 0:00,3373,17
medellin,20/05/2022 0:00,1427,329
medellin,13/05/2022 0:00,626,86
medellin,6/05/2022 0:00,1306,367
medellin,29/04/2022 0:00,4915,192
medellin,22/04/2022 0:00,2898,196
medellin,16/04/2022 0:00,1096,175
medellin,8/04/2022 0:00,3729,151
medellin,1/04/2022 0:00,3181,231
medellin,25/03/2022 0:00,3112,223
medellin,18/03/2022 0:00,1677,147
